message;severity;node;stamp;location
"Oh no! I hit the wall! (Clamping from [x=11.120889, y=5.544445])";"30";"turtlesim";"1736668736.440630872";"./src/turtle.cpp:update:260"
"Oh no! I hit the wall! (Clamping from [x=11.120889, y=5.544445])";"30";"turtlesim";"1736668736.425065045";"./src/turtle.cpp:update:260"
"Oh no! I hit the wall! (Clamping from [x=11.120889, y=5.544445])";"30";"turtlesim";"1736668736.408587839";"./src/turtle.cpp:update:260"
"Oh no! I hit the wall! (Clamping from [x=11.120889, y=5.544445])";"30";"turtlesim";"1736668736.392029597";"./src/turtle.cpp:update:260"
"Oh no! I hit the wall! (Clamping from [x=11.120889, y=5.544445])";"30";"turtlesim";"1736668736.376632762";"./src/turtle.cpp:update:260"
"Oh no! I hit the wall! (Clamping from [x=11.120889, y=5.544445])";"30";"turtlesim";"1736668736.361037466";"./src/turtle.cpp:update:260"
"Oh no! I hit the wall! (Clamping from [x=11.120889, y=5.544445])";"30";"turtlesim";"1736668736.345162505";"./src/turtle.cpp:update:260"
"Oh no! I hit the wall! (Clamping from [x=11.120889, y=5.544445])";"30";"turtlesim";"1736668736.329177099";"./src/turtle.cpp:update:260"
"Oh no! I hit the wall! (Clamping from [x=11.120889, y=5.544445])";"30";"turtlesim";"1736668736.312544671";"./src/turtle.cpp:update:260"
"Oh no! I hit the wall! (Clamping from [x=11.120889, y=5.544445])";"30";"turtlesim";"1736668736.297029052";"./src/turtle.cpp:update:260"
"Oh no! I hit the wall! (Clamping from [x=11.120889, y=5.544445])";"30";"turtlesim";"1736668736.280461185";"./src/turtle.cpp:update:260"
"Oh no! I hit the wall! (Clamping from [x=11.120889, y=5.544445])";"30";"turtlesim";"1736668736.264878120";"./src/turtle.cpp:update:260"
"Oh no! I hit the wall! (Clamping from [x=11.120889, y=5.544445])";"30";"turtlesim";"1736668736.248414605";"./src/turtle.cpp:update:260"
"Oh no! I hit the wall! (Clamping from [x=11.120889, y=5.544445])";"30";"turtlesim";"1736668736.232906596";"./src/turtle.cpp:update:260"
"Oh no! I hit the wall! (Clamping from [x=11.120889, y=5.544445])";"30";"turtlesim";"1736668736.217127252";"./src/turtle.cpp:update:260"
"Oh no! I hit the wall! (Clamping from [x=11.120889, y=5.544445])";"30";"turtlesim";"1736668736.200372377";"./src/turtle.cpp:update:260"
"Oh no! I hit the wall! (Clamping from [x=11.120889, y=5.544445])";"30";"turtlesim";"1736668736.184655617";"./src/turtle.cpp:update:260"
"Oh no! I hit the wall! (Clamping from [x=11.120889, y=5.544445])";"30";"turtlesim";"1736668736.169019874";"./src/turtle.cpp:update:260"
"Oh no! I hit the wall! (Clamping from [x=11.120889, y=5.544445])";"30";"turtlesim";"1736668736.152474405";"./src/turtle.cpp:update:260"
"Oh no! I hit the wall! (Clamping from [x=11.120889, y=5.544445])";"30";"turtlesim";"1736668736.136072678";"./src/turtle.cpp:update:260"
"Oh no! I hit the wall! (Clamping from [x=11.120889, y=5.544445])";"30";"turtlesim";"1736668736.120619110";"./src/turtle.cpp:update:260"
"Oh no! I hit the wall! (Clamping from [x=11.120889, y=5.544445])";"30";"turtlesim";"1736668736.105143422";"./src/turtle.cpp:update:260"
"Oh no! I hit the wall! (Clamping from [x=11.120889, y=5.544445])";"30";"turtlesim";"1736668736.088530725";"./src/turtle.cpp:update:260"
"Oh no! I hit the wall! (Clamping from [x=11.120889, y=5.544445])";"30";"turtlesim";"1736668736.072893843";"./src/turtle.cpp:update:260"
"Oh no! I hit the wall! (Clamping from [x=11.120889, y=5.544445])";"30";"turtlesim";"1736668736.056366752";"./src/turtle.cpp:update:260"
"Oh no! I hit the wall! (Clamping from [x=11.120889, y=5.544445])";"30";"turtlesim";"1736668736.040877229";"./src/turtle.cpp:update:260"
"Oh no! I hit the wall! (Clamping from [x=11.120889, y=5.544445])";"30";"turtlesim";"1736668736.024417669";"./src/turtle.cpp:update:260"
"Oh no! I hit the wall! (Clamping from [x=11.120889, y=5.544445])";"30";"turtlesim";"1736668736.008663015";"./src/turtle.cpp:update:260"
"Oh no! I hit the wall! (Clamping from [x=11.120889, y=5.544445])";"30";"turtlesim";"1736668735.993042940";"./src/turtle.cpp:update:260"
"Oh no! I hit the wall! (Clamping from [x=11.120889, y=5.544445])";"30";"turtlesim";"1736668735.977184646";"./src/turtle.cpp:update:260"
"Oh no! I hit the wall! (Clamping from [x=11.120889, y=5.544445])";"30";"turtlesim";"1736668735.960484200";"./src/turtle.cpp:update:260"
"Oh no! I hit the wall! (Clamping from [x=11.120889, y=5.544445])";"30";"turtlesim";"1736668735.944797023";"./src/turtle.cpp:update:260"
"Oh no! I hit the wall! (Clamping from [x=11.120889, y=5.544445])";"30";"turtlesim";"1736668735.929146058";"./src/turtle.cpp:update:260"
"Oh no! I hit the wall! (Clamping from [x=11.120889, y=5.544445])";"30";"turtlesim";"1736668735.912395676";"./src/turtle.cpp:update:260"
"Oh no! I hit the wall! (Clamping from [x=11.120889, y=5.544445])";"30";"turtlesim";"1736668735.896740732";"./src/turtle.cpp:update:260"
"Oh no! I hit the wall! (Clamping from [x=11.120889, y=5.544445])";"30";"turtlesim";"1736668735.881047319";"./src/turtle.cpp:update:260"
"Oh no! I hit the wall! (Clamping from [x=11.120889, y=5.544445])";"30";"turtlesim";"1736668735.864396750";"./src/turtle.cpp:update:260"
"Oh no! I hit the wall! (Clamping from [x=11.120889, y=5.544445])";"30";"turtlesim";"1736668735.848784337";"./src/turtle.cpp:update:260"
"Oh no! I hit the wall! (Clamping from [x=11.120889, y=5.544445])";"30";"turtlesim";"1736668735.832345640";"./src/turtle.cpp:update:260"
"Oh no! I hit the wall! (Clamping from [x=11.120889, y=5.544445])";"30";"turtlesim";"1736668735.816933794";"./src/turtle.cpp:update:260"
"Oh no! I hit the wall! (Clamping from [x=11.120889, y=5.544445])";"30";"turtlesim";"1736668735.800393562";"./src/turtle.cpp:update:260"
"Oh no! I hit the wall! (Clamping from [x=11.120889, y=5.544445])";"30";"turtlesim";"1736668735.783987403";"./src/turtle.cpp:update:260"
"Oh no! I hit the wall! (Clamping from [x=11.120889, y=5.544445])";"30";"turtlesim";"1736668735.768618767";"./src/turtle.cpp:update:260"
"Oh no! I hit the wall! (Clamping from [x=11.120889, y=5.544445])";"30";"turtlesim";"1736668735.753086706";"./src/turtle.cpp:update:260"
"Oh no! I hit the wall! (Clamping from [x=11.120889, y=5.544445])";"30";"turtlesim";"1736668735.736373822";"./src/turtle.cpp:update:260"
"Oh no! I hit the wall! (Clamping from [x=11.120889, y=5.544445])";"30";"turtlesim";"1736668735.720617909";"./src/turtle.cpp:update:260"
"Oh no! I hit the wall! (Clamping from [x=11.120889, y=5.544445])";"30";"turtlesim";"1736668735.704912454";"./src/turtle.cpp:update:260"
"Oh no! I hit the wall! (Clamping from [x=11.120889, y=5.544445])";"30";"turtlesim";"1736668735.689071033";"./src/turtle.cpp:update:260"
"Oh no! I hit the wall! (Clamping from [x=11.120889, y=5.544445])";"30";"turtlesim";"1736668735.672357272";"./src/turtle.cpp:update:260"
"Oh no! I hit the wall! (Clamping from [x=11.120889, y=5.544445])";"30";"turtlesim";"1736668735.656794678";"./src/turtle.cpp:update:260"
"Oh no! I hit the wall! (Clamping from [x=11.120889, y=5.544445])";"30";"turtlesim";"1736668735.640370084";"./src/turtle.cpp:update:260"
"Oh no! I hit the wall! (Clamping from [x=11.120889, y=5.544445])";"30";"turtlesim";"1736668735.624887022";"./src/turtle.cpp:update:260"
"Oh no! I hit the wall! (Clamping from [x=11.120889, y=5.544445])";"30";"turtlesim";"1736668735.608451936";"./src/turtle.cpp:update:260"
"Oh no! I hit the wall! (Clamping from [x=11.120889, y=5.544445])";"30";"turtlesim";"1736668735.592994537";"./src/turtle.cpp:update:260"
"Oh no! I hit the wall! (Clamping from [x=11.120889, y=5.544445])";"30";"turtlesim";"1736668735.576497909";"./src/turtle.cpp:update:260"
"Oh no! I hit the wall! (Clamping from [x=11.120889, y=5.544445])";"30";"turtlesim";"1736668735.560929395";"./src/turtle.cpp:update:260"
"Oh no! I hit the wall! (Clamping from [x=11.120889, y=5.544445])";"30";"turtlesim";"1736668735.544484086";"./src/turtle.cpp:update:260"
"Oh no! I hit the wall! (Clamping from [x=11.120889, y=5.544445])";"30";"turtlesim";"1736668735.528961612";"./src/turtle.cpp:update:260"
"Oh no! I hit the wall! (Clamping from [x=11.120889, y=5.544445])";"30";"turtlesim";"1736668735.512495726";"./src/turtle.cpp:update:260"
"Oh no! I hit the wall! (Clamping from [x=11.120889, y=5.544445])";"30";"turtlesim";"1736668735.497028998";"./src/turtle.cpp:update:260"
"Oh no! I hit the wall! (Clamping from [x=11.120889, y=5.544445])";"30";"turtlesim";"1736668735.480512370";"./src/turtle.cpp:update:260"
"Oh no! I hit the wall! (Clamping from [x=11.120889, y=5.544445])";"30";"turtlesim";"1736668735.464992293";"./src/turtle.cpp:update:260"
"Oh no! I hit the wall! (Clamping from [x=11.120889, y=5.544445])";"30";"turtlesim";"1736668735.448552727";"./src/turtle.cpp:update:260"
"Oh no! I hit the wall! (Clamping from [x=11.120889, y=5.544445])";"30";"turtlesim";"1736668735.432121311";"./src/turtle.cpp:update:260"
"Oh no! I hit the wall! (Clamping from [x=11.120889, y=5.544445])";"30";"turtlesim";"1736668735.416664218";"./src/turtle.cpp:update:260"
"Oh no! I hit the wall! (Clamping from [x=11.120889, y=5.544445])";"30";"turtlesim";"1736668735.401021526";"./src/turtle.cpp:update:260"
"Oh no! I hit the wall! (Clamping from [x=11.120889, y=5.544445])";"30";"turtlesim";"1736668735.384247644";"./src/turtle.cpp:update:260"
"Oh no! I hit the wall! (Clamping from [x=11.120889, y=5.544445])";"30";"turtlesim";"1736668735.368509440";"./src/turtle.cpp:update:260"
"Oh no! I hit the wall! (Clamping from [x=11.120889, y=5.544445])";"30";"turtlesim";"1736668735.352687729";"./src/turtle.cpp:update:260"
"Oh no! I hit the wall! (Clamping from [x=11.120889, y=5.544445])";"30";"turtlesim";"1736668735.336913192";"./src/turtle.cpp:update:260"
"Oh no! I hit the wall! (Clamping from [x=11.120889, y=5.544445])";"30";"turtlesim";"1736668735.321126043";"./src/turtle.cpp:update:260"
"Oh no! I hit the wall! (Clamping from [x=11.120889, y=5.544445])";"30";"turtlesim";"1736668735.304304680";"./src/turtle.cpp:update:260"
"Oh no! I hit the wall! (Clamping from [x=11.120889, y=5.544445])";"30";"turtlesim";"1736668735.288661933";"./src/turtle.cpp:update:260"
"Oh no! I hit the wall! (Clamping from [x=11.120889, y=5.544445])";"30";"turtlesim";"1736668735.272078857";"./src/turtle.cpp:update:260"
"Oh no! I hit the wall! (Clamping from [x=11.120889, y=5.544445])";"30";"turtlesim";"1736668735.256649293";"./src/turtle.cpp:update:260"
"Oh no! I hit the wall! (Clamping from [x=11.120889, y=5.544445])";"30";"turtlesim";"1736668735.241073986";"./src/turtle.cpp:update:260"
"Oh no! I hit the wall! (Clamping from [x=11.120889, y=5.544445])";"30";"turtlesim";"1736668735.224481359";"./src/turtle.cpp:update:260"
"Oh no! I hit the wall! (Clamping from [x=11.120889, y=5.544445])";"30";"turtlesim";"1736668735.208080597";"./src/turtle.cpp:update:260"
"Oh no! I hit the wall! (Clamping from [x=11.120889, y=5.544445])";"30";"turtlesim";"1736668735.192696968";"./src/turtle.cpp:update:260"
"Oh no! I hit the wall! (Clamping from [x=11.120889, y=5.544445])";"30";"turtlesim";"1736668735.176280630";"./src/turtle.cpp:update:260"
"Oh no! I hit the wall! (Clamping from [x=11.120889, y=5.544445])";"30";"turtlesim";"1736668735.160761704";"./src/turtle.cpp:update:260"
"Oh no! I hit the wall! (Clamping from [x=11.120889, y=5.544445])";"30";"turtlesim";"1736668735.144190796";"./src/turtle.cpp:update:260"
"Oh no! I hit the wall! (Clamping from [x=11.120889, y=5.544445])";"30";"turtlesim";"1736668735.128576473";"./src/turtle.cpp:update:260"
"Oh no! I hit the wall! (Clamping from [x=11.120889, y=5.544445])";"30";"turtlesim";"1736668735.112071457";"./src/turtle.cpp:update:260"
"Oh no! I hit the wall! (Clamping from [x=11.120889, y=5.544445])";"30";"turtlesim";"1736668735.096661177";"./src/turtle.cpp:update:260"
"Oh no! I hit the wall! (Clamping from [x=11.120889, y=5.544445])";"30";"turtlesim";"1736668735.080128282";"./src/turtle.cpp:update:260"
"Oh no! I hit the wall! (Clamping from [x=11.120889, y=5.544445])";"30";"turtlesim";"1736668735.064691897";"./src/turtle.cpp:update:260"
"Oh no! I hit the wall! (Clamping from [x=11.120889, y=5.544445])";"30";"turtlesim";"1736668735.048179491";"./src/turtle.cpp:update:260"
"Oh no! I hit the wall! (Clamping from [x=11.120889, y=5.544445])";"30";"turtlesim";"1736668735.032753777";"./src/turtle.cpp:update:260"
"Oh no! I hit the wall! (Clamping from [x=11.120889, y=5.544445])";"30";"turtlesim";"1736668735.016291727";"./src/turtle.cpp:update:260"
"Oh no! I hit the wall! (Clamping from [x=11.120889, y=5.544445])";"30";"turtlesim";"1736668735.000860861";"./src/turtle.cpp:update:260"
"Oh no! I hit the wall! (Clamping from [x=11.120889, y=5.544445])";"30";"turtlesim";"1736668734.984513249";"./src/turtle.cpp:update:260"
"Oh no! I hit the wall! (Clamping from [x=11.120889, y=5.544445])";"30";"turtlesim";"1736668734.968205399";"./src/turtle.cpp:update:260"
"Oh no! I hit the wall! (Clamping from [x=11.120889, y=5.544445])";"30";"turtlesim";"1736668734.952862630";"./src/turtle.cpp:update:260"
"Oh no! I hit the wall! (Clamping from [x=11.120889, y=5.544445])";"30";"turtlesim";"1736668734.936429471";"./src/turtle.cpp:update:260"
"Oh no! I hit the wall! (Clamping from [x=11.120889, y=5.544445])";"30";"turtlesim";"1736668734.920835809";"./src/turtle.cpp:update:260"
"Oh no! I hit the wall! (Clamping from [x=11.120889, y=5.544445])";"30";"turtlesim";"1736668734.904209473";"./src/turtle.cpp:update:260"
"Oh no! I hit the wall! (Clamping from [x=11.120889, y=5.544445])";"30";"turtlesim";"1736668734.888683215";"./src/turtle.cpp:update:260"
"Oh no! I hit the wall! (Clamping from [x=11.120889, y=5.544445])";"30";"turtlesim";"1736668734.872194921";"./src/turtle.cpp:update:260"
"Oh no! I hit the wall! (Clamping from [x=11.120889, y=5.544445])";"30";"turtlesim";"1736668734.856713052";"./src/turtle.cpp:update:260"
"Oh no! I hit the wall! (Clamping from [x=11.120889, y=5.544445])";"30";"turtlesim";"1736668734.841222104";"./src/turtle.cpp:update:260"
"Oh no! I hit the wall! (Clamping from [x=11.120889, y=5.544445])";"30";"turtlesim";"1736668734.824541151";"./src/turtle.cpp:update:260"
"Oh no! I hit the wall! (Clamping from [x=11.120889, y=5.544445])";"30";"turtlesim";"1736668734.809000836";"./src/turtle.cpp:update:260"
"Oh no! I hit the wall! (Clamping from [x=11.120889, y=5.544445])";"30";"turtlesim";"1736668734.793188133";"./src/turtle.cpp:update:260"
"Oh no! I hit the wall! (Clamping from [x=11.120889, y=5.544445])";"30";"turtlesim";"1736668734.776370789";"./src/turtle.cpp:update:260"
"Oh no! I hit the wall! (Clamping from [x=11.120889, y=5.544445])";"30";"turtlesim";"1736668734.760537696";"./src/turtle.cpp:update:260"
"Oh no! I hit the wall! (Clamping from [x=11.120889, y=5.544445])";"30";"turtlesim";"1736668734.744844068";"./src/turtle.cpp:update:260"
"Oh no! I hit the wall! (Clamping from [x=11.120889, y=5.544445])";"30";"turtlesim";"1736668734.728125193";"./src/turtle.cpp:update:260"
"Oh no! I hit the wall! (Clamping from [x=11.120889, y=5.544445])";"30";"turtlesim";"1736668734.712660083";"./src/turtle.cpp:update:260"
"Oh no! I hit the wall! (Clamping from [x=11.120889, y=5.544445])";"30";"turtlesim";"1736668734.696181656";"./src/turtle.cpp:update:260"
"Oh no! I hit the wall! (Clamping from [x=11.120889, y=5.544445])";"30";"turtlesim";"1736668734.680721652";"./src/turtle.cpp:update:260"
"Oh no! I hit the wall! (Clamping from [x=11.120889, y=5.544445])";"30";"turtlesim";"1736668734.665091224";"./src/turtle.cpp:update:260"
"Oh no! I hit the wall! (Clamping from [x=11.120889, y=5.544445])";"30";"turtlesim";"1736668734.648298649";"./src/turtle.cpp:update:260"
"Oh no! I hit the wall! (Clamping from [x=11.120889, y=5.544445])";"30";"turtlesim";"1736668734.632596453";"./src/turtle.cpp:update:260"
"Oh no! I hit the wall! (Clamping from [x=11.120889, y=5.544445])";"30";"turtlesim";"1736668734.616858879";"./src/turtle.cpp:update:260"
"Oh no! I hit the wall! (Clamping from [x=11.120889, y=5.544445])";"30";"turtlesim";"1736668734.600387295";"./src/turtle.cpp:update:260"
"Oh no! I hit the wall! (Clamping from [x=11.120889, y=5.544445])";"30";"turtlesim";"1736668734.584665099";"./src/turtle.cpp:update:260"
"Oh no! I hit the wall! (Clamping from [x=11.120889, y=5.544445])";"30";"turtlesim";"1736668734.568250724";"./src/turtle.cpp:update:260"
"Oh no! I hit the wall! (Clamping from [x=11.120889, y=5.544445])";"30";"turtlesim";"1736668734.552812008";"./src/turtle.cpp:update:260"
"Oh no! I hit the wall! (Clamping from [x=11.120889, y=5.544445])";"30";"turtlesim";"1736668734.536220666";"./src/turtle.cpp:update:260"
"Oh no! I hit the wall! (Clamping from [x=11.120889, y=5.544445])";"30";"turtlesim";"1736668734.520466929";"./src/turtle.cpp:update:260"
"Oh no! I hit the wall! (Clamping from [x=11.120889, y=5.544445])";"30";"turtlesim";"1736668734.504808485";"./src/turtle.cpp:update:260"
"Oh no! I hit the wall! (Clamping from [x=11.120889, y=5.544445])";"30";"turtlesim";"1736668734.488367495";"./src/turtle.cpp:update:260"
"Oh no! I hit the wall! (Clamping from [x=11.120889, y=5.544445])";"30";"turtlesim";"1736668734.472881249";"./src/turtle.cpp:update:260"
"Oh no! I hit the wall! (Clamping from [x=11.120889, y=5.544445])";"30";"turtlesim";"1736668734.456393986";"./src/turtle.cpp:update:260"
"Oh no! I hit the wall! (Clamping from [x=11.120889, y=5.544445])";"30";"turtlesim";"1736668734.440946998";"./src/turtle.cpp:update:260"
"Oh no! I hit the wall! (Clamping from [x=11.120889, y=5.544445])";"30";"turtlesim";"1736668734.424454187";"./src/turtle.cpp:update:260"
"Oh no! I hit the wall! (Clamping from [x=11.120889, y=5.544445])";"30";"turtlesim";"1736668734.408871606";"./src/turtle.cpp:update:260"
"Oh no! I hit the wall! (Clamping from [x=11.120889, y=5.544445])";"30";"turtlesim";"1736668734.392308288";"./src/turtle.cpp:update:260"
"Oh no! I hit the wall! (Clamping from [x=11.120889, y=5.544445])";"30";"turtlesim";"1736668734.376610079";"./src/turtle.cpp:update:260"
"Oh no! I hit the wall! (Clamping from [x=11.120889, y=5.544445])";"30";"turtlesim";"1736668734.360932848";"./src/turtle.cpp:update:260"
"Oh no! I hit the wall! (Clamping from [x=11.120889, y=5.544445])";"30";"turtlesim";"1736668734.345167368";"./src/turtle.cpp:update:260"
"Oh no! I hit the wall! (Clamping from [x=11.120889, y=5.544445])";"30";"turtlesim";"1736668734.328427260";"./src/turtle.cpp:update:260"
"Oh no! I hit the wall! (Clamping from [x=11.120889, y=5.544445])";"30";"turtlesim";"1736668734.312649700";"./src/turtle.cpp:update:260"
"Oh no! I hit the wall! (Clamping from [x=11.120889, y=5.544445])";"30";"turtlesim";"1736668734.296783553";"./src/turtle.cpp:update:260"
"Oh no! I hit the wall! (Clamping from [x=11.120889, y=5.544445])";"30";"turtlesim";"1736668734.280106129";"./src/turtle.cpp:update:260"
"Oh no! I hit the wall! (Clamping from [x=11.120889, y=5.544445])";"30";"turtlesim";"1736668734.264721331";"./src/turtle.cpp:update:260"
"Oh no! I hit the wall! (Clamping from [x=11.120889, y=5.544445])";"30";"turtlesim";"1736668734.248303018";"./src/turtle.cpp:update:260"
"Oh no! I hit the wall! (Clamping from [x=11.120889, y=5.544445])";"30";"turtlesim";"1736668734.232911657";"./src/turtle.cpp:update:260"
"Oh no! I hit the wall! (Clamping from [x=11.120889, y=5.544445])";"30";"turtlesim";"1736668734.216453536";"./src/turtle.cpp:update:260"
"Oh no! I hit the wall! (Clamping from [x=11.120889, y=5.544445])";"30";"turtlesim";"1736668734.200990402";"./src/turtle.cpp:update:260"
"Oh no! I hit the wall! (Clamping from [x=11.120889, y=5.544445])";"30";"turtlesim";"1736668734.184471668";"./src/turtle.cpp:update:260"
"Oh no! I hit the wall! (Clamping from [x=11.120889, y=5.544445])";"30";"turtlesim";"1736668734.169000191";"./src/turtle.cpp:update:260"
"Oh no! I hit the wall! (Clamping from [x=11.120889, y=5.544445])";"30";"turtlesim";"1736668734.152525852";"./src/turtle.cpp:update:260"
"Oh no! I hit the wall! (Clamping from [x=11.120889, y=5.544445])";"30";"turtlesim";"1736668734.136083427";"./src/turtle.cpp:update:260"
"Oh no! I hit the wall! (Clamping from [x=11.120889, y=5.544445])";"30";"turtlesim";"1736668734.120672479";"./src/turtle.cpp:update:260"
"Oh no! I hit the wall! (Clamping from [x=11.120889, y=5.544445])";"30";"turtlesim";"1736668734.104223752";"./src/turtle.cpp:update:260"
"Oh no! I hit the wall! (Clamping from [x=11.120889, y=5.544445])";"30";"turtlesim";"1736668734.088856577";"./src/turtle.cpp:update:260"
"Oh no! I hit the wall! (Clamping from [x=11.120889, y=5.544445])";"30";"turtlesim";"1736668734.072460316";"./src/turtle.cpp:update:260"
"Oh no! I hit the wall! (Clamping from [x=11.120889, y=5.544445])";"30";"turtlesim";"1736668734.056055229";"./src/turtle.cpp:update:260"
"Oh no! I hit the wall! (Clamping from [x=11.120889, y=5.544445])";"30";"turtlesim";"1736668734.040641967";"./src/turtle.cpp:update:260"
"Oh no! I hit the wall! (Clamping from [x=11.120889, y=5.544445])";"30";"turtlesim";"1736668734.024226265";"./src/turtle.cpp:update:260"
"Oh no! I hit the wall! (Clamping from [x=11.120889, y=5.544445])";"30";"turtlesim";"1736668734.008847106";"./src/turtle.cpp:update:260"
"Oh no! I hit the wall! (Clamping from [x=11.120889, y=5.544445])";"30";"turtlesim";"1736668733.992419108";"./src/turtle.cpp:update:260"
"Oh no! I hit the wall! (Clamping from [x=11.120889, y=5.544445])";"30";"turtlesim";"1736668733.976043873";"./src/turtle.cpp:update:260"
"Oh no! I hit the wall! (Clamping from [x=11.120889, y=5.544445])";"30";"turtlesim";"1736668733.960663046";"./src/turtle.cpp:update:260"
"Oh no! I hit the wall! (Clamping from [x=11.120889, y=5.544445])";"30";"turtlesim";"1736668733.945110045";"./src/turtle.cpp:update:260"
"Oh no! I hit the wall! (Clamping from [x=11.120889, y=5.544445])";"30";"turtlesim";"1736668733.928393121";"./src/turtle.cpp:update:260"
"Oh no! I hit the wall! (Clamping from [x=11.120889, y=5.544445])";"30";"turtlesim";"1736668733.912859778";"./src/turtle.cpp:update:260"
"Oh no! I hit the wall! (Clamping from [x=11.120889, y=5.544445])";"30";"turtlesim";"1736668733.896330866";"./src/turtle.cpp:update:260"
"Oh no! I hit the wall! (Clamping from [x=11.120889, y=5.544445])";"30";"turtlesim";"1736668733.880643368";"./src/turtle.cpp:update:260"
"Oh no! I hit the wall! (Clamping from [x=11.120889, y=5.544445])";"30";"turtlesim";"1736668733.864630375";"./src/turtle.cpp:update:260"
"Oh no! I hit the wall! (Clamping from [x=11.120889, y=5.544445])";"30";"turtlesim";"1736668733.848754262";"./src/turtle.cpp:update:260"
"Oh no! I hit the wall! (Clamping from [x=11.120889, y=5.544445])";"30";"turtlesim";"1736668733.832946349";"./src/turtle.cpp:update:260"
"Oh no! I hit the wall! (Clamping from [x=11.120889, y=5.544445])";"30";"turtlesim";"1736668733.817095225";"./src/turtle.cpp:update:260"
"Oh no! I hit the wall! (Clamping from [x=11.120889, y=5.544445])";"30";"turtlesim";"1736668733.800310967";"./src/turtle.cpp:update:260"
"Oh no! I hit the wall! (Clamping from [x=11.120889, y=5.544445])";"30";"turtlesim";"1736668733.784511652";"./src/turtle.cpp:update:260"
"Oh no! I hit the wall! (Clamping from [x=11.120889, y=5.544445])";"30";"turtlesim";"1736668733.768781903";"./src/turtle.cpp:update:260"
"Oh no! I hit the wall! (Clamping from [x=11.120889, y=5.544445])";"30";"turtlesim";"1736668733.753031383";"./src/turtle.cpp:update:260"
"Oh no! I hit the wall! (Clamping from [x=11.120889, y=5.544445])";"30";"turtlesim";"1736668733.736344946";"./src/turtle.cpp:update:260"
"Oh no! I hit the wall! (Clamping from [x=11.120889, y=5.544445])";"30";"turtlesim";"1736668733.720680247";"./src/turtle.cpp:update:260"
"Oh no! I hit the wall! (Clamping from [x=11.120889, y=5.544445])";"30";"turtlesim";"1736668733.704933488";"./src/turtle.cpp:update:260"
"Oh no! I hit the wall! (Clamping from [x=11.120889, y=5.544445])";"30";"turtlesim";"1736668733.688270961";"./src/turtle.cpp:update:260"
"Oh no! I hit the wall! (Clamping from [x=11.120889, y=5.544445])";"30";"turtlesim";"1736668733.672693679";"./src/turtle.cpp:update:260"
"Oh no! I hit the wall! (Clamping from [x=11.120889, y=5.544445])";"30";"turtlesim";"1736668733.657108719";"./src/turtle.cpp:update:260"
"Oh no! I hit the wall! (Clamping from [x=11.120889, y=5.544445])";"30";"turtlesim";"1736668733.640598962";"./src/turtle.cpp:update:260"
"Oh no! I hit the wall! (Clamping from [x=11.120889, y=5.544445])";"30";"turtlesim";"1736668733.625089795";"./src/turtle.cpp:update:260"
"Oh no! I hit the wall! (Clamping from [x=11.120889, y=5.544445])";"30";"turtlesim";"1736668733.608461105";"./src/turtle.cpp:update:260"
"Oh no! I hit the wall! (Clamping from [x=11.120889, y=5.544445])";"30";"turtlesim";"1736668733.593001159";"./src/turtle.cpp:update:260"
"Oh no! I hit the wall! (Clamping from [x=11.120889, y=5.544445])";"30";"turtlesim";"1736668733.576422006";"./src/turtle.cpp:update:260"
"Oh no! I hit the wall! (Clamping from [x=11.120889, y=5.544445])";"30";"turtlesim";"1736668733.560955691";"./src/turtle.cpp:update:260"
"Oh no! I hit the wall! (Clamping from [x=11.120889, y=5.544445])";"30";"turtlesim";"1736668733.544410910";"./src/turtle.cpp:update:260"
"Oh no! I hit the wall! (Clamping from [x=11.120889, y=5.544445])";"30";"turtlesim";"1736668733.528880832";"./src/turtle.cpp:update:260"
"Oh no! I hit the wall! (Clamping from [x=11.120889, y=5.544445])";"30";"turtlesim";"1736668733.512379502";"./src/turtle.cpp:update:260"
"Oh no! I hit the wall! (Clamping from [x=11.120889, y=5.544445])";"30";"turtlesim";"1736668733.496944086";"./src/turtle.cpp:update:260"
"Oh no! I hit the wall! (Clamping from [x=11.120889, y=5.544445])";"30";"turtlesim";"1736668733.480483118";"./src/turtle.cpp:update:260"
"Oh no! I hit the wall! (Clamping from [x=11.120889, y=5.544445])";"30";"turtlesim";"1736668733.465059850";"./src/turtle.cpp:update:260"
"Oh no! I hit the wall! (Clamping from [x=11.120889, y=5.544445])";"30";"turtlesim";"1736668733.448579493";"./src/turtle.cpp:update:260"
"Oh no! I hit the wall! (Clamping from [x=11.120889, y=5.544445])";"30";"turtlesim";"1736668733.432178292";"./src/turtle.cpp:update:260"
"Oh no! I hit the wall! (Clamping from [x=11.120889, y=5.544445])";"30";"turtlesim";"1736668733.416725706";"./src/turtle.cpp:update:260"
"Oh no! I hit the wall! (Clamping from [x=11.120889, y=5.544445])";"30";"turtlesim";"1736668733.400353694";"./src/turtle.cpp:update:260"
"Oh no! I hit the wall! (Clamping from [x=11.120889, y=5.544445])";"30";"turtlesim";"1736668733.384894768";"./src/turtle.cpp:update:260"
"Oh no! I hit the wall! (Clamping from [x=11.120889, y=5.544445])";"30";"turtlesim";"1736668733.368427428";"./src/turtle.cpp:update:260"
"Oh no! I hit the wall! (Clamping from [x=11.120889, y=5.544445])";"30";"turtlesim";"1736668733.352992589";"./src/turtle.cpp:update:260"
"Oh no! I hit the wall! (Clamping from [x=11.120889, y=5.544445])";"30";"turtlesim";"1736668733.336535377";"./src/turtle.cpp:update:260"
"Oh no! I hit the wall! (Clamping from [x=11.120889, y=5.544445])";"30";"turtlesim";"1736668733.320062185";"./src/turtle.cpp:update:260"
"Oh no! I hit the wall! (Clamping from [x=11.120889, y=5.544445])";"30";"turtlesim";"1736668733.304646512";"./src/turtle.cpp:update:260"
"Oh no! I hit the wall! (Clamping from [x=11.120889, y=5.544445])";"30";"turtlesim";"1736668733.288135605";"./src/turtle.cpp:update:260"
"Oh no! I hit the wall! (Clamping from [x=11.120889, y=5.544445])";"30";"turtlesim";"1736668733.272666730";"./src/turtle.cpp:update:260"
"Oh no! I hit the wall! (Clamping from [x=11.120889, y=5.544445])";"30";"turtlesim";"1736668733.256354287";"./src/turtle.cpp:update:260"
"Oh no! I hit the wall! (Clamping from [x=11.120889, y=5.544445])";"30";"turtlesim";"1736668733.240478952";"./src/turtle.cpp:update:260"
"Oh no! I hit the wall! (Clamping from [x=11.120889, y=5.544445])";"30";"turtlesim";"1736668733.224957189";"./src/turtle.cpp:update:260"
"Oh no! I hit the wall! (Clamping from [x=11.120889, y=5.544445])";"30";"turtlesim";"1736668733.208517207";"./src/turtle.cpp:update:260"
"Oh no! I hit the wall! (Clamping from [x=11.120889, y=5.544445])";"30";"turtlesim";"1736668733.192081424";"./src/turtle.cpp:update:260"
"Oh no! I hit the wall! (Clamping from [x=11.120889, y=5.544445])";"30";"turtlesim";"1736668733.176666290";"./src/turtle.cpp:update:260"
"Oh no! I hit the wall! (Clamping from [x=11.120889, y=5.544445])";"30";"turtlesim";"1736668733.160224612";"./src/turtle.cpp:update:260"
"Oh no! I hit the wall! (Clamping from [x=11.120889, y=5.544445])";"30";"turtlesim";"1736668733.144791280";"./src/turtle.cpp:update:260"
"Oh no! I hit the wall! (Clamping from [x=11.120889, y=5.544445])";"30";"turtlesim";"1736668733.128263583";"./src/turtle.cpp:update:260"
"Oh no! I hit the wall! (Clamping from [x=11.120889, y=5.544445])";"30";"turtlesim";"1736668733.112701438";"./src/turtle.cpp:update:260"
"Oh no! I hit the wall! (Clamping from [x=11.120889, y=5.544445])";"30";"turtlesim";"1736668733.097144174";"./src/turtle.cpp:update:260"
"Oh no! I hit the wall! (Clamping from [x=11.120889, y=5.544445])";"30";"turtlesim";"1736668733.080463478";"./src/turtle.cpp:update:260"
"Oh no! I hit the wall! (Clamping from [x=11.120889, y=5.544445])";"30";"turtlesim";"1736668733.064872725";"./src/turtle.cpp:update:260"
"Oh no! I hit the wall! (Clamping from [x=11.120889, y=5.544445])";"30";"turtlesim";"1736668733.049133126";"./src/turtle.cpp:update:260"
"Oh no! I hit the wall! (Clamping from [x=11.120889, y=5.544445])";"30";"turtlesim";"1736668733.032345656";"./src/turtle.cpp:update:260"
"Oh no! I hit the wall! (Clamping from [x=11.120889, y=5.544445])";"30";"turtlesim";"1736668733.016845874";"./src/turtle.cpp:update:260"
"Oh no! I hit the wall! (Clamping from [x=11.120889, y=5.544445])";"30";"turtlesim";"1736668733.000275652";"./src/turtle.cpp:update:260"
"Oh no! I hit the wall! (Clamping from [x=11.120889, y=5.544445])";"30";"turtlesim";"1736668732.984867004";"./src/turtle.cpp:update:260"
"Oh no! I hit the wall! (Clamping from [x=11.120889, y=5.544445])";"30";"turtlesim";"1736668732.968400603";"./src/turtle.cpp:update:260"
"Oh no! I hit the wall! (Clamping from [x=11.120889, y=5.544445])";"30";"turtlesim";"1736668732.952980356";"./src/turtle.cpp:update:260"
"Oh no! I hit the wall! (Clamping from [x=11.120889, y=5.544445])";"30";"turtlesim";"1736668732.936426508";"./src/turtle.cpp:update:260"
"Oh no! I hit the wall! (Clamping from [x=11.120889, y=5.544445])";"30";"turtlesim";"1736668732.920729055";"./src/turtle.cpp:update:260"
"Oh no! I hit the wall! (Clamping from [x=11.120889, y=5.544445])";"30";"turtlesim";"1736668732.904954584";"./src/turtle.cpp:update:260"
"Oh no! I hit the wall! (Clamping from [x=11.120889, y=5.544445])";"30";"turtlesim";"1736668732.889085484";"./src/turtle.cpp:update:260"
"Oh no! I hit the wall! (Clamping from [x=11.120889, y=5.544445])";"30";"turtlesim";"1736668732.872794147";"./src/turtle.cpp:update:260"
"Oh no! I hit the wall! (Clamping from [x=11.120889, y=5.544445])";"30";"turtlesim";"1736668732.856924767";"./src/turtle.cpp:update:260"
"Oh no! I hit the wall! (Clamping from [x=11.120889, y=5.544445])";"30";"turtlesim";"1736668732.840312896";"./src/turtle.cpp:update:260"
"Oh no! I hit the wall! (Clamping from [x=11.120889, y=5.544445])";"30";"turtlesim";"1736668732.824333453";"./src/turtle.cpp:update:260"
"Oh no! I hit the wall! (Clamping from [x=11.120889, y=5.544445])";"30";"turtlesim";"1736668732.808571284";"./src/turtle.cpp:update:260"
"Oh no! I hit the wall! (Clamping from [x=11.120889, y=5.544445])";"30";"turtlesim";"1736668732.792056815";"./src/turtle.cpp:update:260"
"Oh no! I hit the wall! (Clamping from [x=11.120889, y=5.544445])";"30";"turtlesim";"1736668732.776626078";"./src/turtle.cpp:update:260"
"Oh no! I hit the wall! (Clamping from [x=11.120889, y=5.544445])";"30";"turtlesim";"1736668732.760178234";"./src/turtle.cpp:update:260"
"Oh no! I hit the wall! (Clamping from [x=11.120889, y=5.544445])";"30";"turtlesim";"1736668732.744755278";"./src/turtle.cpp:update:260"
"Oh no! I hit the wall! (Clamping from [x=11.120889, y=5.544445])";"30";"turtlesim";"1736668732.728195821";"./src/turtle.cpp:update:260"
"Oh no! I hit the wall! (Clamping from [x=11.120889, y=5.544445])";"30";"turtlesim";"1736668732.712563610";"./src/turtle.cpp:update:260"
"Oh no! I hit the wall! (Clamping from [x=11.120889, y=5.544445])";"30";"turtlesim";"1736668732.697045136";"./src/turtle.cpp:update:260"
"Oh no! I hit the wall! (Clamping from [x=11.120889, y=5.544445])";"30";"turtlesim";"1736668732.680594268";"./src/turtle.cpp:update:260"
"Oh no! I hit the wall! (Clamping from [x=11.120889, y=5.544445])";"30";"turtlesim";"1736668732.664098614";"./src/turtle.cpp:update:260"
"Oh no! I hit the wall! (Clamping from [x=11.120889, y=5.544445])";"30";"turtlesim";"1736668732.648489986";"./src/turtle.cpp:update:260"
"Oh no! I hit the wall! (Clamping from [x=11.120889, y=5.544445])";"30";"turtlesim";"1736668732.632925614";"./src/turtle.cpp:update:260"
"Oh no! I hit the wall! (Clamping from [x=11.120889, y=5.544445])";"30";"turtlesim";"1736668732.616378384";"./src/turtle.cpp:update:260"
"Oh no! I hit the wall! (Clamping from [x=11.120889, y=5.544445])";"30";"turtlesim";"1736668732.600952204";"./src/turtle.cpp:update:260"
"Oh no! I hit the wall! (Clamping from [x=11.120889, y=5.544445])";"30";"turtlesim";"1736668732.584395202";"./src/turtle.cpp:update:260"
"Oh no! I hit the wall! (Clamping from [x=11.120889, y=5.544445])";"30";"turtlesim";"1736668732.568944909";"./src/turtle.cpp:update:260"
"Oh no! I hit the wall! (Clamping from [x=11.120889, y=5.544445])";"30";"turtlesim";"1736668732.552495995";"./src/turtle.cpp:update:260"
"Oh no! I hit the wall! (Clamping from [x=11.120889, y=5.544445])";"30";"turtlesim";"1736668732.537012601";"./src/turtle.cpp:update:260"
"Oh no! I hit the wall! (Clamping from [x=11.120889, y=5.544445])";"30";"turtlesim";"1736668732.520526579";"./src/turtle.cpp:update:260"
"Oh no! I hit the wall! (Clamping from [x=11.120889, y=5.544445])";"30";"turtlesim";"1736668732.504062550";"./src/turtle.cpp:update:260"
"Oh no! I hit the wall! (Clamping from [x=11.120889, y=5.544445])";"30";"turtlesim";"1736668732.488613256";"./src/turtle.cpp:update:260"
"Oh no! I hit the wall! (Clamping from [x=11.120889, y=5.544445])";"30";"turtlesim";"1736668732.472130601";"./src/turtle.cpp:update:260"
"Oh no! I hit the wall! (Clamping from [x=11.120889, y=5.544445])";"30";"turtlesim";"1736668732.456677522";"./src/turtle.cpp:update:260"
"Oh no! I hit the wall! (Clamping from [x=11.120889, y=5.544445])";"30";"turtlesim";"1736668732.440263259";"./src/turtle.cpp:update:260"
"Oh no! I hit the wall! (Clamping from [x=11.120889, y=5.544445])";"30";"turtlesim";"1736668732.424865672";"./src/turtle.cpp:update:260"
"Oh no! I hit the wall! (Clamping from [x=11.120889, y=5.544445])";"30";"turtlesim";"1736668732.408539340";"./src/turtle.cpp:update:260"
"Oh no! I hit the wall! (Clamping from [x=11.120889, y=5.544445])";"30";"turtlesim";"1736668732.392547698";"./src/turtle.cpp:update:260"
"Oh no! I hit the wall! (Clamping from [x=11.120889, y=5.544445])";"30";"turtlesim";"1736668732.376162885";"./src/turtle.cpp:update:260"
"Oh no! I hit the wall! (Clamping from [x=11.120889, y=5.544445])";"30";"turtlesim";"1736668732.360963070";"./src/turtle.cpp:update:260"
"Oh no! I hit the wall! (Clamping from [x=11.120889, y=5.544445])";"30";"turtlesim";"1736668732.344478011";"./src/turtle.cpp:update:260"
"Oh no! I hit the wall! (Clamping from [x=11.120889, y=5.544445])";"30";"turtlesim";"1736668732.329132936";"./src/turtle.cpp:update:260"
"Oh no! I hit the wall! (Clamping from [x=11.120889, y=5.544445])";"30";"turtlesim";"1736668732.312917760";"./src/turtle.cpp:update:260"
"Oh no! I hit the wall! (Clamping from [x=11.120889, y=5.544445])";"30";"turtlesim";"1736668732.296390561";"./src/turtle.cpp:update:260"
"Oh no! I hit the wall! (Clamping from [x=11.120889, y=5.544445])";"30";"turtlesim";"1736668732.280354225";"./src/turtle.cpp:update:260"
"Oh no! I hit the wall! (Clamping from [x=11.120889, y=5.544445])";"30";"turtlesim";"1736668732.264879517";"./src/turtle.cpp:update:260"
"Oh no! I hit the wall! (Clamping from [x=11.120889, y=5.544445])";"30";"turtlesim";"1736668732.248368896";"./src/turtle.cpp:update:260"
"Oh no! I hit the wall! (Clamping from [x=11.120889, y=5.544445])";"30";"turtlesim";"1736668732.232879957";"./src/turtle.cpp:update:260"
"Oh no! I hit the wall! (Clamping from [x=11.120889, y=5.544445])";"30";"turtlesim";"1736668732.216287305";"./src/turtle.cpp:update:260"
"Oh no! I hit the wall! (Clamping from [x=11.120889, y=5.544445])";"30";"turtlesim";"1736668732.200638509";"./src/turtle.cpp:update:260"
"Oh no! I hit the wall! (Clamping from [x=11.120889, y=5.544445])";"30";"turtlesim";"1736668732.185096231";"./src/turtle.cpp:update:260"
"Oh no! I hit the wall! (Clamping from [x=11.120889, y=5.544445])";"30";"turtlesim";"1736668732.168503232";"./src/turtle.cpp:update:260"
"Oh no! I hit the wall! (Clamping from [x=11.120889, y=5.544445])";"30";"turtlesim";"1736668732.152900629";"./src/turtle.cpp:update:260"
"Oh no! I hit the wall! (Clamping from [x=11.120889, y=5.544445])";"30";"turtlesim";"1736668732.136343447";"./src/turtle.cpp:update:260"
"Oh no! I hit the wall! (Clamping from [x=11.120889, y=5.544445])";"30";"turtlesim";"1736668732.120800357";"./src/turtle.cpp:update:260"
"Oh no! I hit the wall! (Clamping from [x=11.120889, y=5.544445])";"30";"turtlesim";"1736668732.105011449";"./src/turtle.cpp:update:260"
"Oh no! I hit the wall! (Clamping from [x=11.120889, y=5.544445])";"30";"turtlesim";"1736668732.088573991";"./src/turtle.cpp:update:260"
"Oh no! I hit the wall! (Clamping from [x=11.120889, y=5.544445])";"30";"turtlesim";"1736668732.072105441";"./src/turtle.cpp:update:260"
"Oh no! I hit the wall! (Clamping from [x=11.120889, y=5.544445])";"30";"turtlesim";"1736668732.056669921";"./src/turtle.cpp:update:260"
"Oh no! I hit the wall! (Clamping from [x=11.120889, y=5.544445])";"30";"turtlesim";"1736668732.040179321";"./src/turtle.cpp:update:260"
"Oh no! I hit the wall! (Clamping from [x=11.120889, y=5.544445])";"30";"turtlesim";"1736668732.024733487";"./src/turtle.cpp:update:260"
"Oh no! I hit the wall! (Clamping from [x=11.120889, y=5.544445])";"30";"turtlesim";"1736668732.008289430";"./src/turtle.cpp:update:260"
"Oh no! I hit the wall! (Clamping from [x=11.120889, y=5.544445])";"30";"turtlesim";"1736668731.992863307";"./src/turtle.cpp:update:260"
"Oh no! I hit the wall! (Clamping from [x=11.120889, y=5.544445])";"30";"turtlesim";"1736668731.976474755";"./src/turtle.cpp:update:260"
"Oh no! I hit the wall! (Clamping from [x=11.120889, y=5.544445])";"30";"turtlesim";"1736668731.960044634";"./src/turtle.cpp:update:260"
"Oh no! I hit the wall! (Clamping from [x=11.120889, y=5.544445])";"30";"turtlesim";"1736668731.944660635";"./src/turtle.cpp:update:260"
"Oh no! I hit the wall! (Clamping from [x=11.120889, y=5.544445])";"30";"turtlesim";"1736668731.928201156";"./src/turtle.cpp:update:260"
"Oh no! I hit the wall! (Clamping from [x=11.120889, y=5.544445])";"30";"turtlesim";"1736668731.912668245";"./src/turtle.cpp:update:260"
"Oh no! I hit the wall! (Clamping from [x=11.120889, y=5.544445])";"30";"turtlesim";"1736668731.897127778";"./src/turtle.cpp:update:260"
"Oh no! I hit the wall! (Clamping from [x=11.120889, y=5.544445])";"30";"turtlesim";"1736668731.880439362";"./src/turtle.cpp:update:260"
"Oh no! I hit the wall! (Clamping from [x=11.120889, y=5.544445])";"30";"turtlesim";"1736668731.864022318";"./src/turtle.cpp:update:260"
"Oh no! I hit the wall! (Clamping from [x=11.120889, y=5.544445])";"30";"turtlesim";"1736668731.848623172";"./src/turtle.cpp:update:260"
"Oh no! I hit the wall! (Clamping from [x=11.120889, y=5.544445])";"30";"turtlesim";"1736668731.832148059";"./src/turtle.cpp:update:260"
"Oh no! I hit the wall! (Clamping from [x=11.120889, y=5.544445])";"30";"turtlesim";"1736668731.816697303";"./src/turtle.cpp:update:260"
"Oh no! I hit the wall! (Clamping from [x=11.120889, y=5.544445])";"30";"turtlesim";"1736668731.800234417";"./src/turtle.cpp:update:260"
"Oh no! I hit the wall! (Clamping from [x=11.120889, y=5.544445])";"30";"turtlesim";"1736668731.784759175";"./src/turtle.cpp:update:260"
"Oh no! I hit the wall! (Clamping from [x=11.120889, y=5.544445])";"30";"turtlesim";"1736668731.769159264";"./src/turtle.cpp:update:260"
"Oh no! I hit the wall! (Clamping from [x=11.120889, y=5.544445])";"30";"turtlesim";"1736668731.752397002";"./src/turtle.cpp:update:260"
"Oh no! I hit the wall! (Clamping from [x=11.120889, y=5.544445])";"30";"turtlesim";"1736668731.736614050";"./src/turtle.cpp:update:260"
"Oh no! I hit the wall! (Clamping from [x=11.120889, y=5.544445])";"30";"turtlesim";"1736668731.720683968";"./src/turtle.cpp:update:260"
"Oh no! I hit the wall! (Clamping from [x=11.120889, y=5.544445])";"30";"turtlesim";"1736668731.704181224";"./src/turtle.cpp:update:260"
"Oh no! I hit the wall! (Clamping from [x=11.120889, y=5.544445])";"30";"turtlesim";"1736668731.688686066";"./src/turtle.cpp:update:260"
"Oh no! I hit the wall! (Clamping from [x=11.120889, y=5.544445])";"30";"turtlesim";"1736668731.672209972";"./src/turtle.cpp:update:260"
"Oh no! I hit the wall! (Clamping from [x=11.120889, y=5.544445])";"30";"turtlesim";"1736668731.656804025";"./src/turtle.cpp:update:260"
"Oh no! I hit the wall! (Clamping from [x=11.120889, y=5.544445])";"30";"turtlesim";"1736668731.640351180";"./src/turtle.cpp:update:260"
"Oh no! I hit the wall! (Clamping from [x=11.120889, y=5.544445])";"30";"turtlesim";"1736668731.624907829";"./src/turtle.cpp:update:260"
"Oh no! I hit the wall! (Clamping from [x=11.120889, y=5.544445])";"30";"turtlesim";"1736668731.608476552";"./src/turtle.cpp:update:260"
"Oh no! I hit the wall! (Clamping from [x=11.120889, y=5.544445])";"30";"turtlesim";"1736668731.592069374";"./src/turtle.cpp:update:260"
"Oh no! I hit the wall! (Clamping from [x=11.120889, y=5.544445])";"30";"turtlesim";"1736668731.576646727";"./src/turtle.cpp:update:260"
"Oh no! I hit the wall! (Clamping from [x=11.120889, y=5.544445])";"30";"turtlesim";"1736668731.561057940";"./src/turtle.cpp:update:260"
"Oh no! I hit the wall! (Clamping from [x=11.120889, y=5.544445])";"30";"turtlesim";"1736668731.544263127";"./src/turtle.cpp:update:260"
"Oh no! I hit the wall! (Clamping from [x=11.120889, y=5.544445])";"30";"turtlesim";"1736668731.528677023";"./src/turtle.cpp:update:260"
"Oh no! I hit the wall! (Clamping from [x=11.120889, y=5.544445])";"30";"turtlesim";"1736668731.513220527";"./src/turtle.cpp:update:260"
"Oh no! I hit the wall! (Clamping from [x=11.120889, y=5.544445])";"30";"turtlesim";"1736668731.496582639";"./src/turtle.cpp:update:260"
"Oh no! I hit the wall! (Clamping from [x=11.120889, y=5.544445])";"30";"turtlesim";"1736668731.480879682";"./src/turtle.cpp:update:260"
"Oh no! I hit the wall! (Clamping from [x=11.120889, y=5.544445])";"30";"turtlesim";"1736668731.464392778";"./src/turtle.cpp:update:260"
"Oh no! I hit the wall! (Clamping from [x=11.120889, y=5.544445])";"30";"turtlesim";"1736668731.448953303";"./src/turtle.cpp:update:260"
"Oh no! I hit the wall! (Clamping from [x=11.120889, y=5.544445])";"30";"turtlesim";"1736668731.432431691";"./src/turtle.cpp:update:260"
"Oh no! I hit the wall! (Clamping from [x=11.120889, y=5.544445])";"30";"turtlesim";"1736668731.416964256";"./src/turtle.cpp:update:260"
"Oh no! I hit the wall! (Clamping from [x=11.120889, y=5.544445])";"30";"turtlesim";"1736668731.400485862";"./src/turtle.cpp:update:260"
"Oh no! I hit the wall! (Clamping from [x=11.120889, y=5.544445])";"30";"turtlesim";"1736668731.384065150";"./src/turtle.cpp:update:260"
"Oh no! I hit the wall! (Clamping from [x=11.120889, y=5.544445])";"30";"turtlesim";"1736668731.368600075";"./src/turtle.cpp:update:260"
"Oh no! I hit the wall! (Clamping from [x=11.120889, y=5.544445])";"30";"turtlesim";"1736668731.352172168";"./src/turtle.cpp:update:260"
"Oh no! I hit the wall! (Clamping from [x=11.120889, y=5.544445])";"30";"turtlesim";"1736668731.336710600";"./src/turtle.cpp:update:260"
"Oh no! I hit the wall! (Clamping from [x=11.120889, y=5.544445])";"30";"turtlesim";"1736668731.321013740";"./src/turtle.cpp:update:260"
"Oh no! I hit the wall! (Clamping from [x=11.120889, y=5.544445])";"30";"turtlesim";"1736668731.305189474";"./src/turtle.cpp:update:260"
"Oh no! I hit the wall! (Clamping from [x=11.120889, y=5.544445])";"30";"turtlesim";"1736668731.288383003";"./src/turtle.cpp:update:260"
"Oh no! I hit the wall! (Clamping from [x=11.120889, y=5.544445])";"30";"turtlesim";"1736668731.272589177";"./src/turtle.cpp:update:260"
"Oh no! I hit the wall! (Clamping from [x=11.120889, y=5.544445])";"30";"turtlesim";"1736668731.257036729";"./src/turtle.cpp:update:260"
"Oh no! I hit the wall! (Clamping from [x=11.120889, y=5.544445])";"30";"turtlesim";"1736668731.240540973";"./src/turtle.cpp:update:260"
"Oh no! I hit the wall! (Clamping from [x=11.120889, y=5.544445])";"30";"turtlesim";"1736668731.224096655";"./src/turtle.cpp:update:260"
"Oh no! I hit the wall! (Clamping from [x=11.120889, y=5.544445])";"30";"turtlesim";"1736668731.208665474";"./src/turtle.cpp:update:260"
"Oh no! I hit the wall! (Clamping from [x=11.120889, y=5.544445])";"30";"turtlesim";"1736668731.192180082";"./src/turtle.cpp:update:260"
"Oh no! I hit the wall! (Clamping from [x=11.120889, y=5.544445])";"30";"turtlesim";"1736668731.176629518";"./src/turtle.cpp:update:260"
"Oh no! I hit the wall! (Clamping from [x=11.120889, y=5.544445])";"30";"turtlesim";"1736668731.161013398";"./src/turtle.cpp:update:260"
"Oh no! I hit the wall! (Clamping from [x=11.120889, y=5.544445])";"30";"turtlesim";"1736668731.144880181";"./src/turtle.cpp:update:260"
"Oh no! I hit the wall! (Clamping from [x=11.120889, y=5.544445])";"30";"turtlesim";"1736668731.128425093";"./src/turtle.cpp:update:260"
"Oh no! I hit the wall! (Clamping from [x=11.120889, y=5.544445])";"30";"turtlesim";"1736668731.113151346";"./src/turtle.cpp:update:260"
"Oh no! I hit the wall! (Clamping from [x=11.120889, y=5.544445])";"30";"turtlesim";"1736668731.096884197";"./src/turtle.cpp:update:260"
"Oh no! I hit the wall! (Clamping from [x=11.120889, y=5.544445])";"30";"turtlesim";"1736668731.080892150";"./src/turtle.cpp:update:260"
"Oh no! I hit the wall! (Clamping from [x=11.120889, y=5.544445])";"30";"turtlesim";"1736668731.064646224";"./src/turtle.cpp:update:260"
"Oh no! I hit the wall! (Clamping from [x=11.120889, y=5.544445])";"30";"turtlesim";"1736668731.049065989";"./src/turtle.cpp:update:260"
"Oh no! I hit the wall! (Clamping from [x=11.120889, y=5.544445])";"30";"turtlesim";"1736668731.032182984";"./src/turtle.cpp:update:260"
"Oh no! I hit the wall! (Clamping from [x=11.120889, y=5.544445])";"30";"turtlesim";"1736668731.017084965";"./src/turtle.cpp:update:260"
"Oh no! I hit the wall! (Clamping from [x=11.120889, y=5.544445])";"30";"turtlesim";"1736668731.000782958";"./src/turtle.cpp:update:260"
"Oh no! I hit the wall! (Clamping from [x=11.120889, y=5.544445])";"30";"turtlesim";"1736668730.985190228";"./src/turtle.cpp:update:260"
"Oh no! I hit the wall! (Clamping from [x=11.120889, y=5.544445])";"30";"turtlesim";"1736668730.968149291";"./src/turtle.cpp:update:260"
"Oh no! I hit the wall! (Clamping from [x=11.120889, y=5.544445])";"30";"turtlesim";"1736668730.952545234";"./src/turtle.cpp:update:260"
"Oh no! I hit the wall! (Clamping from [x=11.120889, y=5.544445])";"30";"turtlesim";"1736668730.936335888";"./src/turtle.cpp:update:260"
"Oh no! I hit the wall! (Clamping from [x=11.120889, y=5.544445])";"30";"turtlesim";"1736668730.920323493";"./src/turtle.cpp:update:260"
"Oh no! I hit the wall! (Clamping from [x=11.120889, y=5.544445])";"30";"turtlesim";"1736668730.904208831";"./src/turtle.cpp:update:260"
"Oh no! I hit the wall! (Clamping from [x=11.120889, y=5.544445])";"30";"turtlesim";"1736668730.888654246";"./src/turtle.cpp:update:260"
"Oh no! I hit the wall! (Clamping from [x=11.120889, y=5.544445])";"30";"turtlesim";"1736668730.872138189";"./src/turtle.cpp:update:260"
"Oh no! I hit the wall! (Clamping from [x=11.120889, y=5.544445])";"30";"turtlesim";"1736668730.856690226";"./src/turtle.cpp:update:260"
"Oh no! I hit the wall! (Clamping from [x=11.120889, y=5.544445])";"30";"turtlesim";"1736668730.840211437";"./src/turtle.cpp:update:260"
"Oh no! I hit the wall! (Clamping from [x=11.120889, y=5.544445])";"30";"turtlesim";"1736668730.824640750";"./src/turtle.cpp:update:260"
"Oh no! I hit the wall! (Clamping from [x=11.120889, y=5.544445])";"30";"turtlesim";"1736668730.808183947";"./src/turtle.cpp:update:260"
"Oh no! I hit the wall! (Clamping from [x=11.120889, y=5.544445])";"30";"turtlesim";"1736668730.792529984";"./src/turtle.cpp:update:260"
"Oh no! I hit the wall! (Clamping from [x=11.120889, y=5.544445])";"30";"turtlesim";"1736668730.776718608";"./src/turtle.cpp:update:260"
"Oh no! I hit the wall! (Clamping from [x=11.120889, y=5.544445])";"30";"turtlesim";"1736668730.761012540";"./src/turtle.cpp:update:260"
"Oh no! I hit the wall! (Clamping from [x=11.120889, y=5.544445])";"30";"turtlesim";"1736668730.745224799";"./src/turtle.cpp:update:260"
"Oh no! I hit the wall! (Clamping from [x=11.120889, y=5.544445])";"30";"turtlesim";"1736668730.728521082";"./src/turtle.cpp:update:260"
"Oh no! I hit the wall! (Clamping from [x=11.120889, y=5.544445])";"30";"turtlesim";"1736668730.712040076";"./src/turtle.cpp:update:260"
"Oh no! I hit the wall! (Clamping from [x=11.120889, y=5.544445])";"30";"turtlesim";"1736668730.696680497";"./src/turtle.cpp:update:260"
"Oh no! I hit the wall! (Clamping from [x=11.120889, y=5.544445])";"30";"turtlesim";"1736668730.680880341";"./src/turtle.cpp:update:260"
"Oh no! I hit the wall! (Clamping from [x=11.120889, y=5.544445])";"30";"turtlesim";"1736668730.664135763";"./src/turtle.cpp:update:260"
"Oh no! I hit the wall! (Clamping from [x=11.120889, y=5.544445])";"30";"turtlesim";"1736668730.649057691";"./src/turtle.cpp:update:260"
"Oh no! I hit the wall! (Clamping from [x=11.120889, y=5.544445])";"30";"turtlesim";"1736668730.633035398";"./src/turtle.cpp:update:260"
"Oh no! I hit the wall! (Clamping from [x=11.120889, y=5.544445])";"30";"turtlesim";"1736668730.616240121";"./src/turtle.cpp:update:260"
"Oh no! I hit the wall! (Clamping from [x=11.120889, y=5.544445])";"30";"turtlesim";"1736668730.600859335";"./src/turtle.cpp:update:260"
"Oh no! I hit the wall! (Clamping from [x=11.120889, y=5.544445])";"30";"turtlesim";"1736668730.584426762";"./src/turtle.cpp:update:260"
"Oh no! I hit the wall! (Clamping from [x=11.120889, y=5.544445])";"30";"turtlesim";"1736668730.568724098";"./src/turtle.cpp:update:260"
"Oh no! I hit the wall! (Clamping from [x=11.120889, y=5.544445])";"30";"turtlesim";"1736668730.553088336";"./src/turtle.cpp:update:260"
"Oh no! I hit the wall! (Clamping from [x=11.120889, y=5.544445])";"30";"turtlesim";"1736668730.536800346";"./src/turtle.cpp:update:260"
"Oh no! I hit the wall! (Clamping from [x=11.120889, y=5.544445])";"30";"turtlesim";"1736668730.520301602";"./src/turtle.cpp:update:260"
"Oh no! I hit the wall! (Clamping from [x=11.120889, y=5.544445])";"30";"turtlesim";"1736668730.504571167";"./src/turtle.cpp:update:260"
"Oh no! I hit the wall! (Clamping from [x=11.120889, y=5.544445])";"30";"turtlesim";"1736668730.488972450";"./src/turtle.cpp:update:260"
"Oh no! I hit the wall! (Clamping from [x=11.120889, y=5.544445])";"30";"turtlesim";"1736668730.472518343";"./src/turtle.cpp:update:260"
"Oh no! I hit the wall! (Clamping from [x=11.120889, y=5.544445])";"30";"turtlesim";"1736668730.456259147";"./src/turtle.cpp:update:260"
"Oh no! I hit the wall! (Clamping from [x=11.120889, y=5.544445])";"30";"turtlesim";"1736668730.440352596";"./src/turtle.cpp:update:260"
"Oh no! I hit the wall! (Clamping from [x=11.120889, y=5.544445])";"30";"turtlesim";"1736668730.424192738";"./src/turtle.cpp:update:260"
"Oh no! I hit the wall! (Clamping from [x=11.120889, y=5.544445])";"30";"turtlesim";"1736668730.409129306";"./src/turtle.cpp:update:260"
"Oh no! I hit the wall! (Clamping from [x=11.120889, y=5.544445])";"30";"turtlesim";"1736668730.392732643";"./src/turtle.cpp:update:260"
"Oh no! I hit the wall! (Clamping from [x=11.120889, y=5.544445])";"30";"turtlesim";"1736668730.376505261";"./src/turtle.cpp:update:260"
"Oh no! I hit the wall! (Clamping from [x=11.120889, y=5.544445])";"30";"turtlesim";"1736668730.360144429";"./src/turtle.cpp:update:260"
"Oh no! I hit the wall! (Clamping from [x=11.120889, y=5.544445])";"30";"turtlesim";"1736668730.344690585";"./src/turtle.cpp:update:260"
"Oh no! I hit the wall! (Clamping from [x=11.120889, y=5.544445])";"30";"turtlesim";"1736668730.328261193";"./src/turtle.cpp:update:260"
"Oh no! I hit the wall! (Clamping from [x=11.120889, y=5.544445])";"30";"turtlesim";"1736668730.312532964";"./src/turtle.cpp:update:260"
"Oh no! I hit the wall! (Clamping from [x=11.120889, y=5.544445])";"30";"turtlesim";"1736668730.296651476";"./src/turtle.cpp:update:260"
"Oh no! I hit the wall! (Clamping from [x=11.120889, y=5.544445])";"30";"turtlesim";"1736668730.281043897";"./src/turtle.cpp:update:260"
"Oh no! I hit the wall! (Clamping from [x=11.120889, y=5.544445])";"30";"turtlesim";"1736668730.264402818";"./src/turtle.cpp:update:260"
"Oh no! I hit the wall! (Clamping from [x=11.120889, y=5.544445])";"30";"turtlesim";"1736668730.248757853";"./src/turtle.cpp:update:260"
"Oh no! I hit the wall! (Clamping from [x=11.120889, y=5.544445])";"30";"turtlesim";"1736668730.232229223";"./src/turtle.cpp:update:260"
"Oh no! I hit the wall! (Clamping from [x=11.120889, y=5.544445])";"30";"turtlesim";"1736668730.216708268";"./src/turtle.cpp:update:260"
"Oh no! I hit the wall! (Clamping from [x=11.120889, y=5.544445])";"30";"turtlesim";"1736668730.200219809";"./src/turtle.cpp:update:260"
"Oh no! I hit the wall! (Clamping from [x=11.120889, y=5.544445])";"30";"turtlesim";"1736668730.184807532";"./src/turtle.cpp:update:260"
"Oh no! I hit the wall! (Clamping from [x=11.120889, y=5.544445])";"30";"turtlesim";"1736668730.168359646";"./src/turtle.cpp:update:260"
"Oh no! I hit the wall! (Clamping from [x=11.120889, y=5.544445])";"30";"turtlesim";"1736668730.152812146";"./src/turtle.cpp:update:260"
"Oh no! I hit the wall! (Clamping from [x=11.120889, y=5.544445])";"30";"turtlesim";"1736668730.137095467";"./src/turtle.cpp:update:260"
"Oh no! I hit the wall! (Clamping from [x=11.120889, y=5.544445])";"30";"turtlesim";"1736668730.120430508";"./src/turtle.cpp:update:260"
"Oh no! I hit the wall! (Clamping from [x=11.120889, y=5.544445])";"30";"turtlesim";"1736668730.104956266";"./src/turtle.cpp:update:260"
"Oh no! I hit the wall! (Clamping from [x=11.120889, y=5.544445])";"30";"turtlesim";"1736668730.088504312";"./src/turtle.cpp:update:260"
"Oh no! I hit the wall! (Clamping from [x=11.120889, y=5.544445])";"30";"turtlesim";"1736668730.072078562";"./src/turtle.cpp:update:260"
"Oh no! I hit the wall! (Clamping from [x=11.120889, y=5.544445])";"30";"turtlesim";"1736668730.056522756";"./src/turtle.cpp:update:260"
"Oh no! I hit the wall! (Clamping from [x=11.120889, y=5.544445])";"30";"turtlesim";"1736668730.040980406";"./src/turtle.cpp:update:260"
"Oh no! I hit the wall! (Clamping from [x=11.120889, y=5.544445])";"30";"turtlesim";"1736668730.024460782";"./src/turtle.cpp:update:260"
"Oh no! I hit the wall! (Clamping from [x=11.120889, y=5.544445])";"30";"turtlesim";"1736668730.008955205";"./src/turtle.cpp:update:260"
"Oh no! I hit the wall! (Clamping from [x=11.120889, y=5.544445])";"30";"turtlesim";"1736668729.992448861";"./src/turtle.cpp:update:260"
"Oh no! I hit the wall! (Clamping from [x=11.120889, y=5.544445])";"30";"turtlesim";"1736668729.976979051";"./src/turtle.cpp:update:260"
"Oh no! I hit the wall! (Clamping from [x=11.120889, y=5.544445])";"30";"turtlesim";"1736668729.960462525";"./src/turtle.cpp:update:260"
"Oh no! I hit the wall! (Clamping from [x=11.120889, y=5.544445])";"30";"turtlesim";"1736668729.944906087";"./src/turtle.cpp:update:260"
"Oh no! I hit the wall! (Clamping from [x=11.120889, y=5.544445])";"30";"turtlesim";"1736668729.928206759";"./src/turtle.cpp:update:260"
"Oh no! I hit the wall! (Clamping from [x=11.120889, y=5.544445])";"30";"turtlesim";"1736668729.912603045";"./src/turtle.cpp:update:260"
"Oh no! I hit the wall! (Clamping from [x=11.120889, y=5.544445])";"30";"turtlesim";"1736668729.896926144";"./src/turtle.cpp:update:260"
"Oh no! I hit the wall! (Clamping from [x=11.120889, y=5.544445])";"30";"turtlesim";"1736668729.880245621";"./src/turtle.cpp:update:260"
"Oh no! I hit the wall! (Clamping from [x=11.120889, y=5.544445])";"30";"turtlesim";"1736668729.864787731";"./src/turtle.cpp:update:260"
"Oh no! I hit the wall! (Clamping from [x=11.120889, y=5.544445])";"30";"turtlesim";"1736668729.848347325";"./src/turtle.cpp:update:260"
"Oh no! I hit the wall! (Clamping from [x=11.120889, y=5.544445])";"30";"turtlesim";"1736668729.832876093";"./src/turtle.cpp:update:260"
"Oh no! I hit the wall! (Clamping from [x=11.120889, y=5.544445])";"30";"turtlesim";"1736668729.816385079";"./src/turtle.cpp:update:260"
"Oh no! I hit the wall! (Clamping from [x=11.120889, y=5.544445])";"30";"turtlesim";"1736668729.800944843";"./src/turtle.cpp:update:260"
"Oh no! I hit the wall! (Clamping from [x=11.120889, y=5.544445])";"30";"turtlesim";"1736668729.784472705";"./src/turtle.cpp:update:260"
"Oh no! I hit the wall! (Clamping from [x=11.120889, y=5.544445])";"30";"turtlesim";"1736668729.768959437";"./src/turtle.cpp:update:260"
"Oh no! I hit the wall! (Clamping from [x=11.120889, y=5.544445])";"30";"turtlesim";"1736668729.752499465";"./src/turtle.cpp:update:260"
"Oh no! I hit the wall! (Clamping from [x=11.120889, y=5.544445])";"30";"turtlesim";"1736668729.737005944";"./src/turtle.cpp:update:260"
"Oh no! I hit the wall! (Clamping from [x=11.120889, y=5.544445])";"30";"turtlesim";"1736668729.720494263";"./src/turtle.cpp:update:260"
"Oh no! I hit the wall! (Clamping from [x=11.120889, y=5.544445])";"30";"turtlesim";"1736668729.704766321";"./src/turtle.cpp:update:260"
"Oh no! I hit the wall! (Clamping from [x=11.120889, y=5.544445])";"30";"turtlesim";"1736668729.689058584";"./src/turtle.cpp:update:260"
"Oh no! I hit the wall! (Clamping from [x=11.120889, y=5.544445])";"30";"turtlesim";"1736668729.672580759";"./src/turtle.cpp:update:260"
"Oh no! I hit the wall! (Clamping from [x=11.120889, y=5.544445])";"30";"turtlesim";"1736668729.656097803";"./src/turtle.cpp:update:260"
"Oh no! I hit the wall! (Clamping from [x=11.120889, y=5.544445])";"30";"turtlesim";"1736668729.640562020";"./src/turtle.cpp:update:260"
"Oh no! I hit the wall! (Clamping from [x=11.120889, y=5.544445])";"30";"turtlesim";"1736668729.624088692";"./src/turtle.cpp:update:260"
"Oh no! I hit the wall! (Clamping from [x=11.120889, y=5.544445])";"30";"turtlesim";"1736668729.608586144";"./src/turtle.cpp:update:260"
"Oh no! I hit the wall! (Clamping from [x=11.120889, y=5.544445])";"30";"turtlesim";"1736668729.592150493";"./src/turtle.cpp:update:260"
"Oh no! I hit the wall! (Clamping from [x=11.120889, y=5.544445])";"30";"turtlesim";"1736668729.576686057";"./src/turtle.cpp:update:260"
"Oh no! I hit the wall! (Clamping from [x=11.120889, y=5.544445])";"30";"turtlesim";"1736668729.560236457";"./src/turtle.cpp:update:260"
"Oh no! I hit the wall! (Clamping from [x=11.120889, y=5.544445])";"30";"turtlesim";"1736668729.544675089";"./src/turtle.cpp:update:260"
"Oh no! I hit the wall! (Clamping from [x=11.120889, y=5.544445])";"30";"turtlesim";"1736668729.529070017";"./src/turtle.cpp:update:260"
"Oh no! I hit the wall! (Clamping from [x=11.120889, y=5.544445])";"30";"turtlesim";"1736668729.512290234";"./src/turtle.cpp:update:260"
"Oh no! I hit the wall! (Clamping from [x=11.120889, y=5.544445])";"30";"turtlesim";"1736668729.496828728";"./src/turtle.cpp:update:260"
"Oh no! I hit the wall! (Clamping from [x=11.120889, y=5.544445])";"30";"turtlesim";"1736668729.480296955";"./src/turtle.cpp:update:260"
"Oh no! I hit the wall! (Clamping from [x=11.120889, y=5.544445])";"30";"turtlesim";"1736668729.464860768";"./src/turtle.cpp:update:260"
"Oh no! I hit the wall! (Clamping from [x=11.120889, y=5.544445])";"30";"turtlesim";"1736668729.448451898";"./src/turtle.cpp:update:260"
"Oh no! I hit the wall! (Clamping from [x=11.120889, y=5.544445])";"30";"turtlesim";"1736668729.432058093";"./src/turtle.cpp:update:260"
"Oh no! I hit the wall! (Clamping from [x=11.120889, y=5.544445])";"30";"turtlesim";"1736668729.416574790";"./src/turtle.cpp:update:260"
"Oh no! I hit the wall! (Clamping from [x=11.120889, y=5.544445])";"30";"turtlesim";"1736668729.400916479";"./src/turtle.cpp:update:260"
"Oh no! I hit the wall! (Clamping from [x=11.120889, y=5.544445])";"30";"turtlesim";"1736668729.385143296";"./src/turtle.cpp:update:260"
"Oh no! I hit the wall! (Clamping from [x=11.120889, y=5.544445])";"30";"turtlesim";"1736668729.368515877";"./src/turtle.cpp:update:260"
"Oh no! I hit the wall! (Clamping from [x=11.120889, y=5.544445])";"30";"turtlesim";"1736668729.352963957";"./src/turtle.cpp:update:260"
"Oh no! I hit the wall! (Clamping from [x=11.120889, y=5.544445])";"30";"turtlesim";"1736668729.336453779";"./src/turtle.cpp:update:260"
"Oh no! I hit the wall! (Clamping from [x=11.120889, y=5.544445])";"30";"turtlesim";"1736668729.320047418";"./src/turtle.cpp:update:260"
"Oh no! I hit the wall! (Clamping from [x=11.120889, y=5.544445])";"30";"turtlesim";"1736668729.304681244";"./src/turtle.cpp:update:260"
"Oh no! I hit the wall! (Clamping from [x=11.120889, y=5.544445])";"30";"turtlesim";"1736668729.288216075";"./src/turtle.cpp:update:260"
"Oh no! I hit the wall! (Clamping from [x=11.120889, y=5.544445])";"30";"turtlesim";"1736668729.272764243";"./src/turtle.cpp:update:260"
"Oh no! I hit the wall! (Clamping from [x=11.120889, y=5.544445])";"30";"turtlesim";"1736668729.256297087";"./src/turtle.cpp:update:260"
"Oh no! I hit the wall! (Clamping from [x=11.120889, y=5.544445])";"30";"turtlesim";"1736668729.240844836";"./src/turtle.cpp:update:260"
"Oh no! I hit the wall! (Clamping from [x=11.120889, y=5.544445])";"30";"turtlesim";"1736668729.224349415";"./src/turtle.cpp:update:260"
"Oh no! I hit the wall! (Clamping from [x=11.120889, y=5.544445])";"30";"turtlesim";"1736668729.208611605";"./src/turtle.cpp:update:260"
"Oh no! I hit the wall! (Clamping from [x=11.120889, y=5.544445])";"30";"turtlesim";"1736668729.192153385";"./src/turtle.cpp:update:260"
"Oh no! I hit the wall! (Clamping from [x=11.120889, y=5.544445])";"30";"turtlesim";"1736668729.176732968";"./src/turtle.cpp:update:260"
"Oh no! I hit the wall! (Clamping from [x=11.120889, y=5.544445])";"30";"turtlesim";"1736668729.161131674";"./src/turtle.cpp:update:260"
"Oh no! I hit the wall! (Clamping from [x=11.120889, y=5.544445])";"30";"turtlesim";"1736668729.145365101";"./src/turtle.cpp:update:260"
"Oh no! I hit the wall! (Clamping from [x=11.120889, y=5.544445])";"30";"turtlesim";"1736668729.128450078";"./src/turtle.cpp:update:260"
"Oh no! I hit the wall! (Clamping from [x=11.120889, y=5.544445])";"30";"turtlesim";"1736668729.112622157";"./src/turtle.cpp:update:260"
"Oh no! I hit the wall! (Clamping from [x=11.120889, y=5.544445])";"30";"turtlesim";"1736668729.096119715";"./src/turtle.cpp:update:260"
"Oh no! I hit the wall! (Clamping from [x=11.120889, y=5.544445])";"30";"turtlesim";"1736668729.080661546";"./src/turtle.cpp:update:260"
"Oh no! I hit the wall! (Clamping from [x=11.120889, y=5.544445])";"30";"turtlesim";"1736668729.064978416";"./src/turtle.cpp:update:260"
"Oh no! I hit the wall! (Clamping from [x=11.120889, y=5.544445])";"30";"turtlesim";"1736668729.048304045";"./src/turtle.cpp:update:260"
"Oh no! I hit the wall! (Clamping from [x=11.120889, y=5.544445])";"30";"turtlesim";"1736668729.032860818";"./src/turtle.cpp:update:260"
"Oh no! I hit the wall! (Clamping from [x=11.120889, y=5.544445])";"30";"turtlesim";"1736668729.016386230";"./src/turtle.cpp:update:260"
"Oh no! I hit the wall! (Clamping from [x=11.120889, y=5.544445])";"30";"turtlesim";"1736668729.000778981";"./src/turtle.cpp:update:260"
"Oh no! I hit the wall! (Clamping from [x=11.120889, y=5.544445])";"30";"turtlesim";"1736668728.985205369";"./src/turtle.cpp:update:260"
"Oh no! I hit the wall! (Clamping from [x=11.120889, y=5.544445])";"30";"turtlesim";"1736668728.968472010";"./src/turtle.cpp:update:260"
"Oh no! I hit the wall! (Clamping from [x=11.120889, y=5.544445])";"30";"turtlesim";"1736668728.952998325";"./src/turtle.cpp:update:260"
"Oh no! I hit the wall! (Clamping from [x=11.120889, y=5.544445])";"30";"turtlesim";"1736668728.936497067";"./src/turtle.cpp:update:260"
"Oh no! I hit the wall! (Clamping from [x=11.120889, y=5.544445])";"30";"turtlesim";"1736668728.920849041";"./src/turtle.cpp:update:260"
"Oh no! I hit the wall! (Clamping from [x=11.120889, y=5.544445])";"30";"turtlesim";"1736668728.905126221";"./src/turtle.cpp:update:260"
"Oh no! I hit the wall! (Clamping from [x=11.120889, y=5.544445])";"30";"turtlesim";"1736668728.888399869";"./src/turtle.cpp:update:260"
"Oh no! I hit the wall! (Clamping from [x=11.120889, y=5.544445])";"30";"turtlesim";"1736668728.872760165";"./src/turtle.cpp:update:260"
"Oh no! I hit the wall! (Clamping from [x=11.120889, y=5.544445])";"30";"turtlesim";"1736668728.857043713";"./src/turtle.cpp:update:260"
"Oh no! I hit the wall! (Clamping from [x=11.120889, y=5.544445])";"30";"turtlesim";"1736668728.840330951";"./src/turtle.cpp:update:260"
"Oh no! I hit the wall! (Clamping from [x=11.120889, y=5.544445])";"30";"turtlesim";"1736668728.824571701";"./src/turtle.cpp:update:260"
"Oh no! I hit the wall! (Clamping from [x=11.120889, y=5.544445])";"30";"turtlesim";"1736668728.808880429";"./src/turtle.cpp:update:260"
"Oh no! I hit the wall! (Clamping from [x=11.120889, y=5.544445])";"30";"turtlesim";"1736668728.792238201";"./src/turtle.cpp:update:260"
"Oh no! I hit the wall! (Clamping from [x=11.120889, y=5.544445])";"30";"turtlesim";"1736668728.776798452";"./src/turtle.cpp:update:260"
"Oh no! I hit the wall! (Clamping from [x=11.120889, y=5.544445])";"30";"turtlesim";"1736668728.760341263";"./src/turtle.cpp:update:260"
"Oh no! I hit the wall! (Clamping from [x=11.120889, y=5.544445])";"30";"turtlesim";"1736668728.744848059";"./src/turtle.cpp:update:260"
"Oh no! I hit the wall! (Clamping from [x=11.120889, y=5.544445])";"30";"turtlesim";"1736668728.729230439";"./src/turtle.cpp:update:260"
"Oh no! I hit the wall! (Clamping from [x=11.120889, y=5.544445])";"30";"turtlesim";"1736668728.712466483";"./src/turtle.cpp:update:260"
"Oh no! I hit the wall! (Clamping from [x=11.120889, y=5.544445])";"30";"turtlesim";"1736668728.696768557";"./src/turtle.cpp:update:260"
"Oh no! I hit the wall! (Clamping from [x=11.120889, y=5.544445])";"30";"turtlesim";"1736668728.681142894";"./src/turtle.cpp:update:260"
"Oh no! I hit the wall! (Clamping from [x=11.120889, y=5.544445])";"30";"turtlesim";"1736668728.664604249";"./src/turtle.cpp:update:260"
"Oh no! I hit the wall! (Clamping from [x=11.120889, y=5.544445])";"30";"turtlesim";"1736668728.648123328";"./src/turtle.cpp:update:260"
"Oh no! I hit the wall! (Clamping from [x=11.120889, y=5.544445])";"30";"turtlesim";"1736668728.632693152";"./src/turtle.cpp:update:260"
"Oh no! I hit the wall! (Clamping from [x=11.120889, y=5.544445])";"30";"turtlesim";"1736668728.616217751";"./src/turtle.cpp:update:260"
"Oh no! I hit the wall! (Clamping from [x=11.120889, y=5.544445])";"30";"turtlesim";"1736668728.600571256";"./src/turtle.cpp:update:260"
"Oh no! I hit the wall! (Clamping from [x=11.120889, y=5.544445])";"30";"turtlesim";"1736668728.584877615";"./src/turtle.cpp:update:260"
"Oh no! I hit the wall! (Clamping from [x=11.120889, y=5.544445])";"30";"turtlesim";"1736668728.568188054";"./src/turtle.cpp:update:260"
"Oh no! I hit the wall! (Clamping from [x=11.120889, y=5.544445])";"30";"turtlesim";"1736668728.552535173";"./src/turtle.cpp:update:260"
"Oh no! I hit the wall! (Clamping from [x=11.120889, y=5.544445])";"30";"turtlesim";"1736668728.537026603";"./src/turtle.cpp:update:260"
"Oh no! I hit the wall! (Clamping from [x=11.120889, y=5.544445])";"30";"turtlesim";"1736668728.520576056";"./src/turtle.cpp:update:260"
"Oh no! I hit the wall! (Clamping from [x=11.120889, y=5.544445])";"30";"turtlesim";"1736668728.504117312";"./src/turtle.cpp:update:260"
"Oh no! I hit the wall! (Clamping from [x=11.120889, y=5.544445])";"30";"turtlesim";"1736668728.488724074";"./src/turtle.cpp:update:260"
"Oh no! I hit the wall! (Clamping from [x=11.120889, y=5.544445])";"30";"turtlesim";"1736668728.472322433";"./src/turtle.cpp:update:260"
"Oh no! I hit the wall! (Clamping from [x=11.120889, y=5.544445])";"30";"turtlesim";"1736668728.456787552";"./src/turtle.cpp:update:260"
"Oh no! I hit the wall! (Clamping from [x=11.120889, y=5.544445])";"30";"turtlesim";"1736668728.440185949";"./src/turtle.cpp:update:260"
"Oh no! I hit the wall! (Clamping from [x=11.120889, y=5.544445])";"30";"turtlesim";"1736668728.424650270";"./src/turtle.cpp:update:260"
"Oh no! I hit the wall! (Clamping from [x=11.120889, y=5.544445])";"30";"turtlesim";"1736668728.408152174";"./src/turtle.cpp:update:260"
"Oh no! I hit the wall! (Clamping from [x=11.120889, y=5.544445])";"30";"turtlesim";"1736668728.392642990";"./src/turtle.cpp:update:260"
"Oh no! I hit the wall! (Clamping from [x=11.120889, y=5.544445])";"30";"turtlesim";"1736668728.376134685";"./src/turtle.cpp:update:260"
"Oh no! I hit the wall! (Clamping from [x=11.120889, y=5.544445])";"30";"turtlesim";"1736668728.360665229";"./src/turtle.cpp:update:260"
"Oh no! I hit the wall! (Clamping from [x=11.120889, y=5.544445])";"30";"turtlesim";"1736668728.345120221";"./src/turtle.cpp:update:260"
"Oh no! I hit the wall! (Clamping from [x=11.120889, y=5.544445])";"30";"turtlesim";"1736668728.328419802";"./src/turtle.cpp:update:260"
"Oh no! I hit the wall! (Clamping from [x=11.120889, y=5.544445])";"30";"turtlesim";"1736668728.312732164";"./src/turtle.cpp:update:260"
"Oh no! I hit the wall! (Clamping from [x=11.120889, y=5.544445])";"30";"turtlesim";"1736668728.297061687";"./src/turtle.cpp:update:260"
"Oh no! I hit the wall! (Clamping from [x=11.120889, y=5.544445])";"30";"turtlesim";"1736668728.280224292";"./src/turtle.cpp:update:260"
"Oh no! I hit the wall! (Clamping from [x=11.120889, y=5.544445])";"30";"turtlesim";"1736668728.264752432";"./src/turtle.cpp:update:260"
"Oh no! I hit the wall! (Clamping from [x=11.120889, y=5.544445])";"30";"turtlesim";"1736668728.248240337";"./src/turtle.cpp:update:260"
"Oh no! I hit the wall! (Clamping from [x=11.120889, y=5.544445])";"30";"turtlesim";"1736668728.232761102";"./src/turtle.cpp:update:260"
"Oh no! I hit the wall! (Clamping from [x=11.120889, y=5.544445])";"30";"turtlesim";"1736668728.216260024";"./src/turtle.cpp:update:260"
"Oh no! I hit the wall! (Clamping from [x=11.120889, y=5.544445])";"30";"turtlesim";"1736668728.200635906";"./src/turtle.cpp:update:260"
"Oh no! I hit the wall! (Clamping from [x=11.120889, y=5.544445])";"30";"turtlesim";"1736668728.185117135";"./src/turtle.cpp:update:260"
"Oh no! I hit the wall! (Clamping from [x=11.120889, y=5.544445])";"30";"turtlesim";"1736668728.168595810";"./src/turtle.cpp:update:260"
"Oh no! I hit the wall! (Clamping from [x=11.120889, y=5.544445])";"30";"turtlesim";"1736668728.152063834";"./src/turtle.cpp:update:260"
"Oh no! I hit the wall! (Clamping from [x=11.120889, y=5.544445])";"30";"turtlesim";"1736668728.136670038";"./src/turtle.cpp:update:260"
"Oh no! I hit the wall! (Clamping from [x=11.120889, y=5.544445])";"30";"turtlesim";"1736668728.120133106";"./src/turtle.cpp:update:260"
"Oh no! I hit the wall! (Clamping from [x=11.120889, y=5.544445])";"30";"turtlesim";"1736668728.104647133";"./src/turtle.cpp:update:260"
"Oh no! I hit the wall! (Clamping from [x=11.120889, y=5.544445])";"30";"turtlesim";"1736668728.088113257";"./src/turtle.cpp:update:260"
"Oh no! I hit the wall! (Clamping from [x=11.120889, y=5.544445])";"30";"turtlesim";"1736668728.072623082";"./src/turtle.cpp:update:260"
"Oh no! I hit the wall! (Clamping from [x=11.120889, y=5.544445])";"30";"turtlesim";"1736668728.056094647";"./src/turtle.cpp:update:260"
"Oh no! I hit the wall! (Clamping from [x=11.120889, y=5.544445])";"30";"turtlesim";"1736668728.040662419";"./src/turtle.cpp:update:260"
"Oh no! I hit the wall! (Clamping from [x=11.120889, y=5.544445])";"30";"turtlesim";"1736668728.024201513";"./src/turtle.cpp:update:260"
"Oh no! I hit the wall! (Clamping from [x=11.120889, y=5.544445])";"30";"turtlesim";"1736668728.008642536";"./src/turtle.cpp:update:260"
"Oh no! I hit the wall! (Clamping from [x=11.120889, y=5.544445])";"30";"turtlesim";"1736668727.993087310";"./src/turtle.cpp:update:260"
"Oh no! I hit the wall! (Clamping from [x=11.120889, y=5.544445])";"30";"turtlesim";"1736668727.976533578";"./src/turtle.cpp:update:260"
"Oh no! I hit the wall! (Clamping from [x=11.120889, y=5.544445])";"30";"turtlesim";"1736668727.960923681";"./src/turtle.cpp:update:260"
"Oh no! I hit the wall! (Clamping from [x=11.120889, y=5.544445])";"30";"turtlesim";"1736668727.944318809";"./src/turtle.cpp:update:260"
"Oh no! I hit the wall! (Clamping from [x=11.120889, y=5.544445])";"30";"turtlesim";"1736668727.928862021";"./src/turtle.cpp:update:260"
"Oh no! I hit the wall! (Clamping from [x=11.120889, y=5.544445])";"30";"turtlesim";"1736668727.912430124";"./src/turtle.cpp:update:260"
"Oh no! I hit the wall! (Clamping from [x=11.120889, y=5.544445])";"30";"turtlesim";"1736668727.896832051";"./src/turtle.cpp:update:260"
"Oh no! I hit the wall! (Clamping from [x=11.120889, y=5.544445])";"30";"turtlesim";"1736668727.880411994";"./src/turtle.cpp:update:260"
"Oh no! I hit the wall! (Clamping from [x=11.120889, y=5.544445])";"30";"turtlesim";"1736668727.864992997";"./src/turtle.cpp:update:260"
"Oh no! I hit the wall! (Clamping from [x=11.120889, y=5.544445])";"30";"turtlesim";"1736668727.848539841";"./src/turtle.cpp:update:260"
"Oh no! I hit the wall! (Clamping from [x=11.120889, y=5.544445])";"30";"turtlesim";"1736668727.833046360";"./src/turtle.cpp:update:260"
"Oh no! I hit the wall! (Clamping from [x=11.120889, y=5.544445])";"30";"turtlesim";"1736668727.816502021";"./src/turtle.cpp:update:260"
"Oh no! I hit the wall! (Clamping from [x=11.120889, y=5.544445])";"30";"turtlesim";"1736668727.800990147";"./src/turtle.cpp:update:260"
"Oh no! I hit the wall! (Clamping from [x=11.120889, y=5.544445])";"30";"turtlesim";"1736668727.784569123";"./src/turtle.cpp:update:260"
"Oh no! I hit the wall! (Clamping from [x=11.120889, y=5.544445])";"30";"turtlesim";"1736668727.768136385";"./src/turtle.cpp:update:260"
"Oh no! I hit the wall! (Clamping from [x=11.120889, y=5.544445])";"30";"turtlesim";"1736668727.752639974";"./src/turtle.cpp:update:260"
"Oh no! I hit the wall! (Clamping from [x=11.120889, y=5.544445])";"30";"turtlesim";"1736668727.737096514";"./src/turtle.cpp:update:260"
"Oh no! I hit the wall! (Clamping from [x=11.120889, y=5.544445])";"30";"turtlesim";"1736668727.720264898";"./src/turtle.cpp:update:260"
"Oh no! I hit the wall! (Clamping from [x=11.120889, y=5.544445])";"30";"turtlesim";"1736668727.704833003";"./src/turtle.cpp:update:260"
"Oh no! I hit the wall! (Clamping from [x=11.120889, y=5.544445])";"30";"turtlesim";"1736668727.688174916";"./src/turtle.cpp:update:260"
"Oh no! I hit the wall! (Clamping from [x=11.120889, y=5.544445])";"30";"turtlesim";"1736668727.672782819";"./src/turtle.cpp:update:260"
"Oh no! I hit the wall! (Clamping from [x=11.120889, y=5.544445])";"30";"turtlesim";"1736668727.656289095";"./src/turtle.cpp:update:260"
"Oh no! I hit the wall! (Clamping from [x=11.120889, y=5.544445])";"30";"turtlesim";"1736668727.640772147";"./src/turtle.cpp:update:260"
"Oh no! I hit the wall! (Clamping from [x=11.120889, y=5.544445])";"30";"turtlesim";"1736668727.624931950";"./src/turtle.cpp:update:260"
"Oh no! I hit the wall! (Clamping from [x=11.120889, y=5.544445])";"30";"turtlesim";"1736668727.608416781";"./src/turtle.cpp:update:260"
"Oh no! I hit the wall! (Clamping from [x=11.120889, y=5.544445])";"30";"turtlesim";"1736668727.592629724";"./src/turtle.cpp:update:260"
"Oh no! I hit the wall! (Clamping from [x=11.120889, y=5.544445])";"30";"turtlesim";"1736668727.576142220";"./src/turtle.cpp:update:260"
"Oh no! I hit the wall! (Clamping from [x=11.120889, y=5.544445])";"30";"turtlesim";"1736668727.560673147";"./src/turtle.cpp:update:260"
"Oh no! I hit the wall! (Clamping from [x=11.120889, y=5.544445])";"30";"turtlesim";"1736668727.545180342";"./src/turtle.cpp:update:260"
"Oh no! I hit the wall! (Clamping from [x=11.120889, y=5.544445])";"30";"turtlesim";"1736668727.528481179";"./src/turtle.cpp:update:260"
"Oh no! I hit the wall! (Clamping from [x=11.120889, y=5.544445])";"30";"turtlesim";"1736668727.512954343";"./src/turtle.cpp:update:260"
"Oh no! I hit the wall! (Clamping from [x=11.120889, y=5.544445])";"30";"turtlesim";"1736668727.496216261";"./src/turtle.cpp:update:260"
"Oh no! I hit the wall! (Clamping from [x=11.120889, y=5.544445])";"30";"turtlesim";"1736668727.480577118";"./src/turtle.cpp:update:260"
"Oh no! I hit the wall! (Clamping from [x=11.120889, y=5.544445])";"30";"turtlesim";"1736668727.464872892";"./src/turtle.cpp:update:260"
"Oh no! I hit the wall! (Clamping from [x=11.120889, y=5.544445])";"30";"turtlesim";"1736668727.449103542";"./src/turtle.cpp:update:260"
"Oh no! I hit the wall! (Clamping from [x=11.120889, y=5.544445])";"30";"turtlesim";"1736668727.432373717";"./src/turtle.cpp:update:260"
"Oh no! I hit the wall! (Clamping from [x=11.120889, y=5.544445])";"30";"turtlesim";"1736668727.416751089";"./src/turtle.cpp:update:260"
"Oh no! I hit the wall! (Clamping from [x=11.120889, y=5.544445])";"30";"turtlesim";"1736668727.400292981";"./src/turtle.cpp:update:260"
"Oh no! I hit the wall! (Clamping from [x=11.120889, y=5.544445])";"30";"turtlesim";"1736668727.384832216";"./src/turtle.cpp:update:260"
"Oh no! I hit the wall! (Clamping from [x=11.120889, y=5.544445])";"30";"turtlesim";"1736668727.369130028";"./src/turtle.cpp:update:260"
"Oh no! I hit the wall! (Clamping from [x=11.120889, y=5.544445])";"30";"turtlesim";"1736668727.353204183";"./src/turtle.cpp:update:260"
"Oh no! I hit the wall! (Clamping from [x=11.120889, y=5.544445])";"30";"turtlesim";"1736668727.337283036";"./src/turtle.cpp:update:260"
"Oh no! I hit the wall! (Clamping from [x=11.120889, y=5.544445])";"30";"turtlesim";"1736668727.320363271";"./src/turtle.cpp:update:260"
"Oh no! I hit the wall! (Clamping from [x=11.120889, y=5.544445])";"30";"turtlesim";"1736668727.304664361";"./src/turtle.cpp:update:260"
"Oh no! I hit the wall! (Clamping from [x=11.120889, y=5.544445])";"30";"turtlesim";"1736668727.288756821";"./src/turtle.cpp:update:260"
"Oh no! I hit the wall! (Clamping from [x=11.120889, y=5.544445])";"30";"turtlesim";"1736668727.272786040";"./src/turtle.cpp:update:260"
"Oh no! I hit the wall! (Clamping from [x=11.120889, y=5.544445])";"30";"turtlesim";"1736668727.257009467";"./src/turtle.cpp:update:260"
"Oh no! I hit the wall! (Clamping from [x=11.120889, y=5.544445])";"30";"turtlesim";"1736668727.240240495";"./src/turtle.cpp:update:260"
"Oh no! I hit the wall! (Clamping from [x=11.112445, y=5.544445])";"30";"turtlesim";"1736668727.225127847";"./src/turtle.cpp:update:260"
"Spawning turtle [turtle1] at x=[5.544445], y=[5.544445], theta=[0.000000]";"20";"turtlesim";"1736668698.230150104";"./src/turtle_frame.cpp:spawnTurtle:209"
"Starting turtlesim with node name /turtlesim";"20";"turtlesim";"1736668698.222406224";"./src/turtle_frame.cpp:TurtleFrame:112"
